Time,V1,V2,V3,V4,V5,V6,V7,V8,V9,V10,V11,V12,V13,V14,V15,V16,V17,V18,V19,V20,V21,V22,V23,V24,V25,V26,V27,V28,Amount,Class
169347,-0.135024879466683,1.11039388857045,-0.444236269832219,-0.674238832293428,0.812066097123172,-0.628647237172582,0.811399439499353,0.075247066540607,-0.026782372234862,-0.336445981841611,1.03728412479754,0.28107987844553,-0.746023905683584,-0.754725352786442,-0.862990349135153,0.499280988913808,0.190947366165632,0.299157862870629,-0.013522101593968,0.107854973393815,-0.320168588839819,-0.77359573802603,0.112736446260875,0.639667810170955,-0.439871108396375,0.09354855472381,0.322636827426695,0.133787781864453,2.69,0
169347,1.37855899734127,1.28938093711056,-5.00424678441137,1.4118498419441,0.442580635567782,-1.3265359338336,-1.41316995590712,0.248525467627175,-1.12739593417081,-3.23215317539514,2.8584658156696,-3.09691489835154,-0.792532436177748,-5.21014084572584,-0.613803263850514,-2.15529688535221,-3.26711568106648,-0.68850546268346,0.737657217477667,0.226137945500703,0.370611857232494,0.02823444541407,-0.145640429197154,-0.081049406910777,0.521874501959455,0.739467256056059,0.389151843520624,0.186636547522687,0.76,1
169347,-8.38842271679228,7.46489795847823,-5.48901949911721,-1.54676066053516,-3.04440309795982,-2.06843930153435,-1.75490889164114,3.16208262081672,3.92417996297782,6.35381447170083,-1.43598769039972,1.02120161056079,-0.025225642177682,0.760023672418244,0.654325504782104,-0.231534135082905,0.443210140323283,0.048340322095525,-0.716648307606187,2.41774239889364,-0.284181673428422,0.881795121146724,0.493800403794137,-0.039172850389677,0.48102260963199,-0.33982269232963,0.035736293292725,-0.984049338351853,0.99,0
169349,-0.19447848575968,1.29916770039548,-0.815064677750913,-0.527143754342307,0.660828714648679,-0.805174168168474,0.673314270179633,0.29695303633601,-0.274435823027845,-1.0769629488108,-0.86628412442943,0.224693509298511,0.504092340380203,-0.790077928273149,-0.315595403396932,0.467926220093633,0.470025314614239,-0.189585152488511,-0.196722588262884,-0.043170466389964,-0.297264668900303,-0.832233794749034,0.152464289265919,0.48228603796502,-0.364356273739223,0.119888878015496,0.096529988431912,0.022767922824522,12.26,0
169350,-0.100737651492438,0.948658918351679,0.286746230860696,-0.70306407440813,0.617920147421575,-1.01942099550061,1.23503664151203,-0.434928558036155,0.238684921880753,0.096004357628396,-0.86967927925815,0.241312119878444,0.449428073383092,-0.262573883895507,-0.392598278186372,-0.17193078273757,-0.600492122372743,-0.797442023397334,-0.056972447425862,0.190616093710556,-0.348604607733931,-0.559756531268587,0.01863836240235,-0.108086168732301,-0.42931654265928,0.12249136215059,0.197533473378879,-0.066480915096179,9.98,0
169350,1.83275278257737,-0.879813368762748,-0.588613914363347,0.767483572768669,-0.847463185549538,-0.433959467245654,-0.404566973078468,-0.212060187759631,-0.428129344986691,0.9119377160694,-1.04022944994082,0.584662016986701,1.35757288404847,-0.247653305392394,0.080932002196101,-1.43067931790445,-0.350296719340041,1.13761783272851,-1.35209042304933,-0.350243423648132,-0.228333961476572,-0.241891820275028,0.138806706849568,-0.122110751947558,-0.185811092923019,-0.681056201438543,0.05404472823921,-0.007054328865413,134,0
169350,1.99339227414079,-0.100121101640379,-0.432059169254998,1.16856671273332,-0.211885665761993,-0.021497613867004,-0.519244551254977,0.026827532243242,0.863762311339683,0.211893021596075,-1.08055418609846,0.293862183068843,0.46844417730569,-0.084788576498747,0.802025978017745,0.532631378182115,-0.905394094432231,0.410498256307875,-0.673279485455241,-0.204877777317184,0.205516295941051,0.738947327721359,0.149564656085075,0.567275986480706,-0.030843699615795,-0.585578697757481,0.054678669106911,-0.025052995358474,1,0
169351,-0.676142670593205,1.1263660623459,-2.21369952308058,0.46830838758824,-1.12054104443306,-0.003346295995545,-2.23473929608742,1.21015796383769,-0.65224992035649,-3.46389087904573,1.79496896856641,-2.77502154036273,-0.418950143733104,-4.05716237716209,-0.712615968607599,-1.60301474745597,-5.03532591722409,-0.50699988370237,0.266272320267649,0.247967752628092,0.751825538154533,0.834107690036367,0.190943872773442,0.032070085609391,-0.739694822652264,0.47111096261267,0.385107448705084,0.19436147923645,77.89,1
169351,-0.496415364787364,1.09679239092982,0.15413210865045,-1.04894661437479,1.44397816703302,-0.145236954494592,1.45510970634476,-0.759900615140659,1.03502287113324,0.911053992332705,0.879246180014335,-0.676356741832599,-1.32014097508666,-1.92436252213773,-0.492595800106725,0.356947598239121,-0.280067447501806,0.92507150877301,-0.019029626466184,0.512108505289916,-0.200923315777761,0.26729368427187,-0.231610892578274,0.241228584544549,-0.704909499415632,0.218743595542858,-0.326857357048683,-0.482969218293735,0.82,0
169353,2.00019228231524,-0.296483738464264,-0.333625469014968,0.382783667293143,-0.68748438373983,-0.74207438926686,-0.482115766213374,-0.071423310528647,1.26830782923243,-0.112360674544628,-0.920496266675773,0.197680947869381,-0.237921058327073,0.110972635161695,1.04060307932447,0.404465334014297,-0.692364866602207,0.019952219787679,-0.138927315804968,-0.243320797863408,-0.1425276943535,-0.315388414044082,0.354627582262924,-0.167170759000899,-0.438768469666518,-0.598304983604726,0.030899015331942,-0.032231479769599,6.52,0
169353,-0.504541588169105,0.927050884367551,2.17509578313463,2.59014752882795,0.248750331161635,1.18647466830703,0.06665719426411,0.585584805127362,-1.13068847353826,0.757651301340797,-0.075669955509341,-0.775375939548408,-1.61026545143298,0.122490685399764,-1.09794257089874,1.7659713242364,-1.33360408863757,0.93915535676657,-1.59568543642476,-0.193123677527796,0.167757331656075,0.245572402247166,0.099154460057353,0.654081888019769,-0.849028649815106,-0.308395276692822,0.166532648396943,0.197629288830817,30.62,0
169353,-0.834091321372492,1.29711041656303,-0.141200299562213,-1.00617845269215,1.11193826855459,-0.144784630929064,1.09927867666073,-0.417290778196878,0.814406736140535,0.639341956191981,0.693445987816017,-0.508194983013085,-1.2487536259431,-1.50567151692742,-0.543532679177473,0.441097976119747,-0.196226140231709,0.918671737652071,0.02689999603041,0.24440665697116,-0.086261767901878,0.292372571674643,-0.172886195499523,0.251492193604988,-0.75607956373449,0.190496527799016,-0.83329146127981,-0.611700473606816,3.26,0
169353,-1.87972261092987,1.61914429983079,-1.70879240998535,-0.723509308551893,0.74348099609982,0.477920213176104,-0.057425073743321,1.15652693864857,0.465394781811643,-0.23709509529105,-0.321511621986835,0.086081112722923,-0.666260480926023,-0.45029825686667,0.684504529776682,-0.372362507394719,1.57894771532336,-1.56616317942035,-1.42379461374766,-0.243595879035416,-0.324797129996479,-0.583350898256892,0.538050593435557,-0.477056878931719,-0.437918838805747,0.22425711090047,0.193388243305135,0.049252506334625,16.98,0
169355,-2.84171117270246,3.15607921365508,-1.82022067035384,0.623866407855221,-0.451954035722714,-1.126166994739,0.294303759092592,1.00767225079816,0.902155095318237,2.08362935589305,-1.7583306526672,-1.02780398900888,-2.67212035359788,1.17554877811382,0.003100874979611,-0.956946220344917,0.647216975629428,-0.072063499552327,0.547185823305697,0.642463592048794,-0.090760020133449,0.259406999600271,-0.063978999129953,-0.169699440986155,0.405312441163026,-0.346945716322929,0.726219403190972,0.316154307380862,4.49,0
169356,1.52628839794416,-1.62005235210518,-3.04301243546527,-0.228190115143536,0.063620134595777,-1.17479176450246,1.02265452489569,-0.675234294930692,-1.1303874894642,0.86768138489955,-1.28337286974783,-0.559937742843649,-0.330901890928596,0.845339998436839,-0.229661992135788,-2.13165343235081,0.134054855842403,0.835906940517033,-0.699708937716735,0.158645419940178,0.107636217464507,0.011305623450832,-0.418512349223561,0.656433338995498,0.390713174432171,0.956073177541197,-0.203798049992751,-0.020043679077238,399.3,0
169357,1.83396969654272,-0.593115322439591,-0.550233727242416,0.040620916987942,-0.532669628489358,-0.325763467784113,-0.373088901901874,-0.011886431556625,0.92780485283659,-0.085547245038613,0.76092050254193,1.4204393799905,0.650911185390531,0.074152335349515,-0.0709812498515,0.452439019042793,-0.882617513152133,0.189156199109529,0.449923766898446,0.004434336541269,-0.155312711297218,-0.492448171614417,0.280913000622919,-0.348899658917742,-0.507312734332212,-0.337407321333154,-0.010337150860616,-0.035375169865099,85,0
169358,0.057599008961324,1.01464591618378,-0.192010790697786,-0.418906291940351,0.829508227431404,-1.14208880115239,0.96940819483755,-0.171842305159879,-0.175705018281965,-0.846321561207066,-0.16415464818937,0.405347221532912,0.614687510589056,-1.12260666073575,-0.34501172943526,0.163349443144663,0.495444255813934,-0.447819732599118,-0.405367273144401,0.067562964172767,-0.297362413627946,-0.699121822509809,0.157537523351484,1.06163527764556,-0.45575434313225,0.081503212095017,0.224806908148852,0.092109113344532,1.98,0
169358,2.09832977687253,0.125538399037327,-2.09516949526974,0.514865353530439,0.699657963954483,-0.423207403531495,0.039999430399341,-0.164971284743049,0.813098975465343,-0.685161568985013,-1.1640493955213,0.000554373936449,0.283934116568307,-1.81993497468572,-0.365347209397636,0.328515563482516,0.945523597336597,0.398383149686862,0.15130224750776,-0.118207721893623,-0.082468462366178,0.071400819774076,-0.013404269720089,0.023152865563696,0.214460181588247,0.645006623427241,-0.043755163688602,-0.030092362209074,1,0
169358,-0.889481024539452,1.56093325173265,-0.633917168702848,1.05316505123449,0.180963998972109,-0.843619406186781,0.931109779413714,0.27590422022511,-0.625941943354762,-0.191429852438762,-1.52434633607078,-0.639719456336388,-1.56796453344337,1.15764253374217,-0.194445474320685,-0.986925591918863,0.492674039577058,-0.152114242491221,0.794292505656787,-0.375183486710402,0.203802374953272,0.567959045155109,-0.225403047860737,-0.028723618465276,-0.091778139134916,-0.437596577698801,-0.474292786579672,-0.192484995958829,39.63,0
169359,-0.766809909950312,1.02801472227596,-0.54245473656105,-0.822275344071429,0.682241710981927,-0.235704254750072,1.95520813985393,-0.568927396072409,0.412060826450537,0.284332036757734,1.0232632213137,-0.784869489811934,-2.21923161436663,-0.978278379496666,-0.657676606293124,0.201777564080645,0.196102444270124,0.414454578105661,0.025518531106893,-0.034417447459103,-0.302308817721862,-0.333877579810305,-0.05072041153015,0.578204914622733,-0.779240048342034,0.095801693408256,-0.16573086301802,-0.099209968733171,140.97,0
169359,0.050962178365287,0.975050364362373,-0.97227717763027,-0.527180664233042,1.18346444842549,-0.4943110921394,0.81247053386056,-0.047727881046842,0.027808724890184,-0.460461728581943,0.066640821190468,-0.400211648895424,-0.822357055955183,-0.567587648512185,0.17228193176357,0.565725715771062,-0.163789616078821,1.64177450725882,0.512989032604124,-0.015952225298626,0.243019156920434,0.858668642208515,-0.280060050231826,-1.18937339852456,-0.240208902092789,-0.099171909158528,0.249714079620289,0.160654248145044,2.99,0
169359,2.13019513780938,-0.587328515125494,-1.04177351413943,-0.580668730672551,-0.729120734032023,-0.811544389408078,-0.9084325654063,-0.112426984050326,-0.072834519096508,0.05123045633773,0.124987942538538,-0.312702518100237,0.785702054807978,-2.22744428259179,0.322304162017768,1.49619787808731,1.49989640784053,-0.704842187588378,0.005101059484447,0.069059132701222,0.265521842503925,0.876839890214059,0.189643593281261,1.00521322545761,-0.16848714374289,-0.142375309611059,0.033508347454261,-0.001141862168821,10.79,0
169360,-0.494823835579003,1.46270285924136,-0.688760230532719,-0.439507829110758,0.355569072995605,-1.13824128859068,0.713717562182311,0.249175590414988,-0.161768304932887,-0.778983907512047,-0.286070177271402,0.564401915645526,0.679199640568454,-0.883324107698309,-0.367369298000133,0.274322906723802,0.649713577134984,-0.424811126776607,-0.43865124270589,0.059484357846704,-0.296427279251152,-0.722212722083946,0.260459336704216,1.05661899128539,-0.370798167099813,0.090606466665043,0.220792873859497,0.079329100911798,17.99,0
169360,-6.24303490384057,5.79030826504181,-3.16650808486245,-2.12558770727952,-0.135037456574715,-1.06645260675979,1.18881675079687,-0.133987421586009,5.40172392934841,8.15002868880474,0.326276734123964,0.516856147385162,1.06440328115068,-3.66843890601884,0.206979701154807,-0.56352620731143,-0.142647609364361,-0.938051580970224,-1.06677895936074,3.60452772892161,-1.40989081137084,-1.11547155487469,0.233656690124691,0.422783045879236,0.806681618373697,-0.015838470431158,0.920162302361,-0.426895799628772,8.97,0
169360,1.70003090603174,-0.680246839701996,-0.258375351704193,1.13571076083949,-0.406787939606141,0.81396521581161,-0.781495039684073,0.329373636357104,0.944585345348751,0.25212180985936,0.311180941779706,0.833755659421468,0.073657815562205,-0.018362003565989,0.091843082470159,0.885270539813319,-1.1468533302868,0.891458474527407,-0.305070910256192,0.025112641184231,0.14389673086553,0.259401446841823,0.152710931537961,0.177945020529058,-0.349308174273267,-0.784308152626472,0.050527775538578,-0.008791589430071,118.95,0
169361,0.034822169767946,0.744642450222433,0.098664145500706,-0.805065109336897,0.624729338623588,-0.548944926637176,0.841740708035097,0.01680806490247,-0.146987459708358,-0.216795134784365,0.206298689115897,0.233010999937488,-0.811560553163414,0.44356893563673,-0.978963308110069,0.280371477689775,-0.785473739351521,0.002704403179486,0.390684616189895,-0.065748258331054,-0.24982172413093,-0.613730034867738,0.007168297786998,-0.521984319927805,-0.483779393832402,0.153112796828316,0.237526124450652,0.080620797913697,2.69,0
169362,2.0299090123556,-0.108465517481105,-1.35615658679628,0.055265513924272,0.030413675534604,-1.0693932685629,0.239821005156453,-0.237492691878692,0.452110228884292,0.060577644180759,1.02546013868075,1.03655573227352,-0.489668811536897,0.703829180019772,-0.53093355595051,-0.3697647986094,-0.345427853646993,-0.290595057078963,0.465067279872882,-0.268619300478265,-0.085040553628722,-0.101217510435548,0.2007997274288,0.020914394434915,-0.036055027673997,-0.09651730423961,-0.052257689353464,-0.073974225809213,0,0
169362,-0.419366176825252,1.45489288391068,-0.934285143517668,-0.579757189805646,0.563314095198833,-0.811128564548086,0.669714078317738,0.316859455687409,-0.042569459438293,-0.763323531085681,-0.889068401106081,0.085430219387436,0.229390305177413,-0.807510606182332,-0.26862312866752,0.463794984664592,0.475343292943287,-0.173505506747427,-0.223912077456929,0.048634966897733,-0.337134488304797,-0.875396672333954,0.159873806853465,0.472185639790305,-0.322639714435423,0.126148433388665,0.210604090521236,0.076845166790816,16.98,0
169364,-1.21291588297541,0.582614813157949,0.463869794201754,-0.423782335397134,-0.407239270968255,-0.09843212772469,-0.506630245117097,0.554420352938799,0.709362768773679,0.149277664723556,-0.157343630287373,-0.537303499662229,-2.10892562213168,0.492187303551688,-0.025828744411803,0.530180284410773,-0.56277496963321,1.09086370446356,0.362893660630481,-0.449799352162145,0.413230368655408,1.17826741595433,-0.27663140337727,-0.366693966150267,-1.12497021626567,0.491717712664767,-0.846453328758735,-0.454668989774329,6.47,0
169364,-1.18143644110709,-0.596883050577062,0.347129438329466,-2.28914778124596,1.5542416760587,-0.222349928696062,-0.660746913667861,0.109608120006112,-0.837149344599482,-0.231578722809605,0.264737154831102,-0.173267305166628,0.998022712346987,-1.9261433161095,-0.993974392934819,2.34237652744487,0.048549633519889,-0.166056296728631,0.555687154953828,-0.269159136142119,-0.129162542862424,-0.265495834034236,-0.438783642354891,-0.418897079389794,-0.54055365483008,-0.624761559681816,0.12725315159312,0.106002162333256,21,0
169364,-1.06187920951463,0.809274752014905,0.034367743009407,-0.593316882551977,0.386391694269438,-0.987160856725999,0.613727003907854,0.425976315001962,-0.262156962935254,-1.78064336265889,0.798144796474302,0.343381062747601,-1.09803376418949,-0.839534241339907,-1.17920244423542,0.288621439743867,1.01018882485108,0.796550410013705,0.266929220013475,-0.068387170134891,-0.044105213149853,-0.338442625638217,-0.112040142716893,-0.061250895955667,0.03934131024296,-0.112737410648576,-0.036460713801673,0.038908486302076,50,0
169365,-0.806150324279681,1.40161462808799,-0.814030982111458,0.745359342939418,0.679264119198032,-0.643267941539598,1.10728501238777,0.115953049455298,-1.09129794822243,0.300666196381858,0.376600500464679,0.388360033373226,-0.301884591691869,1.19091543494818,-0.21364045568991,-0.32968684296477,-0.384179329120478,0.506023946801456,0.98304688861859,-0.143867355155363,0.200942664525189,0.572302085479466,-0.263686573446318,-0.335291985422353,-0.360337951509351,-0.54417090384844,0.14494835505366,0.115609929657502,60,0
169366,2.12422641202044,-0.932145362354286,-0.426914098281473,-0.750769753208838,-1.15249716868524,-0.839187253216838,-0.866537918074643,-0.239888689075325,-0.058834022498137,0.695786852479966,-0.600149834562911,0.200509534414554,1.48541852854319,-0.733629353351913,0.032830455176601,1.08789457913733,0.068577496221045,-1.30849260189721,0.424418523349522,0.088592459143895,0.350260532106459,1.11963336092444,0.104073955446987,0.120212033486171,-0.115953555540859,-0.09680984456547,0.01510543012455,-0.041512101654258,32.37,0
169367,-0.628513752800288,1.29986453792178,0.036936377968877,0.074658001802044,2.03799755032171,-0.13328251377676,1.65834983970308,-0.161632204954628,-0.870285038469088,-0.948770947578585,0.432935837564264,-0.81479111684469,-1.9569201762972,-0.84141604179557,-1.08016172829482,0.048085711654005,0.560158834893613,0.988031527451518,0.027182308941845,-0.060769525528433,-0.079272409014756,-0.106185844783965,-0.711141543062689,0.060169125763479,1.23833007422915,-0.413413463015151,-0.156318068471303,-0.161577349184981,6.86,0
169368,1.99034777686208,-0.719438803093997,-0.745836786264958,0.262422584914691,-0.459112395085621,0.203181859849406,-0.823338605122275,0.191410378712259,1.60969881995475,0.047671388563096,-2.01667362132034,-1.01189620408613,-1.73821910700157,0.091941408564098,0.672817779678699,0.661344983841737,-0.659948301358089,0.529302155294616,0.030124386937325,-0.206745582339448,0.1013420060392,0.31425544559691,0.105773541118346,0.034824323514786,-0.242890813509362,0.582324189068445,-0.044085600835067,-0.046314340146581,39.99,0
169369,-1.29958720926955,0.663921009087066,2.51300240260057,0.981182226469905,-0.23899856491276,1.14494736622374,0.008690217054466,0.270483498653095,1.2817144855763,0.257019328667446,-1.57135892672919,0.052558823063706,-0.038576642290416,-1.27986974781442,-0.550283352709582,-0.649627656637917,0.035796955130772,0.246215872755286,0.950700487772445,0.504845030240734,-0.226021107890484,0.141643461059423,-0.344345574599625,0.661510304865424,0.630413261132875,-0.399373499799515,0.443626906300939,0.140311400964263,50,0
169369,-8.94594029306363,7.89630292561328,-5.95351666317682,-1.56350993187868,-3.40128739158866,-2.14113430297289,-2.1276059919056,3.60166833509533,3.94611464509671,6.43880841133883,-1.56142059609411,1.19134463133083,0.036049797096937,1.0057433646628,0.629228997812945,-0.131726398061772,0.603149577726698,0.070470150646642,-0.751890203119821,2.43939393309133,-0.270612227575839,0.849070350272176,0.562340905429335,-0.044396633072561,0.556912212511182,-0.332860359698406,0.014471752860641,-0.985634582067707,0.99,0
169370,2.11728133346197,0.097346197703613,-1.67047085415723,0.100019672195236,0.682340898589994,-0.504482765601825,0.291413484385402,-0.347344180108281,0.35808265120084,-0.050439989879957,-0.864551704845234,1.01490535547333,1.91557682125842,0.099559983785712,0.682505693103444,-0.166621077520891,-0.772661971047496,-0.148913923643391,-0.093143687865866,-0.09355673970539,0.228033098376518,0.882350338505719,-0.046619617560505,0.257412690248931,0.405348381462302,-0.110911542097354,-0.010657185520509,-0.054195770061459,0.89,0
169370,-1.30793706174301,1.29302854155583,1.63916833611548,4.56897541108972,0.69773852272,1.44841166338297,-0.031631913270129,0.343915299024852,-1.42544617553636,1.39819940255694,-1.85698673168459,-0.248029656673303,0.755554029778142,-0.510134541358647,-0.757181578629846,-0.722082283813139,0.624150205367729,0.02099682917056,1.79692194228545,0.11127340966431,0.079183652332128,0.496128826645232,-0.683230011265562,0.561775578893598,0.527692274875683,0.623832541484732,-0.52117765680362,-0.24421885343501,8.03,0
169371,1.84922312561409,1.10228028753134,-1.56502259880032,4.09965339850837,0.88088892473667,-0.563803277697208,0.33677310315148,-0.010846520744522,-1.26684011548376,0.492876127754137,1.34789416668029,-0.240117896842811,-0.857338694899702,-2.1827389229705,-1.24831377708356,1.8608087772117,1.23299564180419,0.926722770061342,-1.48521861429877,-0.244011030736447,-0.372486223406338,-1.1089569208035,0.317155392184673,-0.257572488237772,-0.318786345175409,-0.364987098887604,-0.011289951635501,0.007833020656559,7.56,0
169372,-6.16953946537341,3.77111525914924,-2.50463291523018,-1.27018242200611,-1.92509777044646,0.5474290588935,-1.52439562954331,0.997389493582909,1.96551006624149,2.3965002547568,-0.863159998028166,1.01845457573545,0.395623688455522,0.06393551452582,-0.648232774174406,0.843515880026914,-0.598066541848147,0.8157129309211,0.293317388504931,-1.32989374639312,1.02148646090926,1.03634758061015,0.193093185667321,-1.05441597720435,-1.13310067300441,0.024285343353431,-5.77914903864705,-0.33613677933713,37.87,0
169372,-6.16953946537341,3.77111525914924,-2.50463291523018,-1.27018242200611,-1.92509777044646,0.5474290588935,-1.52439562954331,0.997389493582909,1.96551006624149,2.3965002547568,-0.863159998028166,1.01845457573545,0.395623688455522,0.06393551452582,-0.648232774174406,0.843515880026914,-0.598066541848147,0.8157129309211,0.293317388504931,-1.32989374639312,1.02148646090926,1.03634758061015,0.193093185667321,-1.05441597720435,-1.13310067300441,0.024285343353431,-5.77914903864705,-0.33613677933713,37.87,0
169372,-6.1963404937121,3.72890415539608,-2.48589117137888,-1.25981146378739,-1.82979061805518,0.482621979838303,-1.61331719698991,1.01538403264845,1.9707722679602,2.40733334516208,-0.866537413855167,1.02732175905675,0.395248807998464,0.070190156116471,-0.649306532953205,0.835995024751484,-0.59370925668022,0.817405902240836,0.29150892726789,-1.2952202690259,1.03409833566394,1.02867110583017,0.185458751804696,-1.05577497923148,-1.13652255978115,0.021508237156177,-5.80370798234287,-0.325758310155755,16.48,0
169372,-6.1963404937121,3.72890415539608,-2.48589117137888,-1.25981146378739,-1.82979061805518,0.482621979838303,-1.61331719698991,1.01538403264845,1.9707722679602,2.40733334516208,-0.866537413855167,1.02732175905675,0.395248807998464,0.070190156116471,-0.649306532953205,0.835995024751484,-0.59370925668022,0.817405902240836,0.29150892726789,-1.2952202690259,1.03409833566394,1.02867110583017,0.185458751804696,-1.05577497923148,-1.13652255978115,0.021508237156177,-5.80370798234287,-0.325758310155755,16.48,0
169372,1.89324996629948,-0.487130926159253,-1.76185608855242,0.462438864696374,2.07927769200047,4.16361384962094,-0.868045833606227,1.07915677280542,1.02175171915255,0.000703256680154,-0.541855098331465,0.745447334784041,-0.373383864610549,-0.065965352687451,-0.794682761958861,-0.496583697187683,-0.133928172141895,-1.00291140504647,0.08288331776084,-0.187275770084254,-0.518013502794058,-1.34278249169785,0.465137654674471,0.617195581095046,-0.287215914968036,-1.08590851182026,0.071245117222233,-0.034281049636616,21.98,0
169373,-3.1291839930589,-0.415794515946586,0.339644281785046,2.75973628766175,-0.758859435163239,0.886939301333114,4.17180883234026,-1.01490164598376,-1.59447045643937,0.857394167176364,-1.09820976863235,-1.43213417353693,-0.534748299190521,-0.161338604429858,-0.477811442814616,1.44647912824982,-1.42752673625477,-0.139607045949396,-2.11433110205397,-1.52384086513333,-0.427910113006659,0.659637227336841,0.414314181510879,0.096112336761368,1.33068088853889,0.232503706446773,0.561679019487439,-0.480278801604073,667.55,0
169374,2.03928136539008,-1.13631289234141,-0.494459333516471,-0.706625425235081,-1.27546010042026,-0.844795704078493,-0.869407726786129,-0.200329357300305,0.071642935492021,0.701771809158283,-0.752266929261517,-0.274038342693911,0.597539996017925,-0.545504810187248,0.136588032814596,1.13566259649775,0.121052783719616,-1.18966699697375,0.416530636464058,0.120058003751901,0.36639940940441,1.02325369131986,0.076369026845882,0.097928479500419,-0.162278467525098,-0.098461673120202,0.001006545231697,-0.035838928288784,76,0
169375,-2.26537483056566,0.5849577597137,-0.911781732160621,-0.41001337210468,0.330023340854248,-1.31419321596235,0.424625617506057,0.313540959745558,1.10343417517153,-0.53111328943819,-0.600308998862057,-0.564325173754536,-1.62922056553277,-1.3261048971226,-0.205756583708954,0.110561852705193,1.24585097905935,0.179626177718323,-0.240445965889282,-0.159408993360315,-0.421538767187302,-0.647914872883323,-0.08307367927347,1.00367508548971,0.277647720508536,-0.181510486428038,-0.340819535460533,-0.314946006921908,37.73,0
169375,2.03979203549736,-0.055224149490741,-1.85382568692119,0.242847398404138,0.478992427340363,-0.342364491090185,-0.067390828075705,0.065392197155858,0.546461698213452,-0.161364653159538,0.578686598986578,-0.274444910748075,-1.90565867051625,-0.274918454834639,-0.213026613817439,0.634166228879077,0.278924567402697,0.436001478451997,0.397896468434845,-0.261569631994697,-0.3482376141318,-1.02413780390277,0.318036299522082,0.073362242192812,-0.328736899392769,0.184515813708826,-0.076732933602027,-0.048122015119277,3.57,0
169376,2.07850151808199,-1.62081932638874,-0.305670350024257,-1.51860722754611,-1.68508354056967,-0.435302003059202,-1.33277066514593,-0.051232077626089,-1.35868451697391,1.62674691011885,1.01334026292141,0.469921822506137,1.1885685533046,-0.52916313741607,-0.672730401309111,-0.16351767464546,0.175307601103926,0.123678819394048,0.017269474215376,-0.25004323714542,-0.292322796571513,-0.502728224588931,0.404259252952893,-0.028420104953334,-0.665031119743955,-0.512911894568766,0.030190693001094,-0.031434408486317,80,0
169377,2.07510613401548,-1.34643687056109,-2.55062641732993,-1.59378171896984,0.165695104944045,-0.342743802030284,0.006676218219893,-0.344689507739501,-2.20346665342299,1.54871687874874,-0.136497605207624,-0.437422549728303,0.604300812184602,0.308245815202094,0.081166735191024,-2.4092158907947,1.69298025801346,-1.91904778477554,-1.21172761933985,-0.351666192872379,0.271700172334267,1.25842622668185,-0.144011924132411,-0.884448340008367,0.39665439131639,0.383235859190027,-0.031721632707422,-0.080777081504517,112,0
169378,-0.010482780387355,1.04827608918946,-0.525659136608688,-0.856533750026009,1.29761206019631,-0.144937566766149,1.06459438208598,-0.12391315754555,0.05307806985054,-0.158204819001749,0.777185747691739,0.376954074115684,0.002010183007683,-1.12727178729695,-0.816783041081985,0.497077467581859,-0.106180593090538,0.28987620940405,0.130508673092203,0.239938111634026,-0.395450617063705,-0.774396510407502,0.009465426399411,0.02840809665599,-0.379396838500435,0.10378969285447,0.16578622420139,-0.093326773587402,9.86,0
169378,2.01255644111725,-1.13768328188002,-2.01625424337882,-2.48111258607889,1.42864430370386,3.45046693779618,-1.30874368278554,0.957260707550494,2.2295495390766,-0.954041046897909,-0.012521626831447,0.811266355577714,-0.044289250253802,0.021540744202665,1.45056148662149,-0.563441657084702,-0.345547958608296,0.168058755036476,0.440854023655851,-0.08682046433508,0.25391826704954,0.932083539707923,0.090200230836828,0.772753720886721,0.011282155476725,-0.044381687922721,0.055831326928064,-0.048649527049664,19.95,0
169379,2.04319225664251,0.054537937077538,-2.27813978868208,0.039630157063145,0.970152266838805,-0.694721260030195,0.694263596049672,-0.35215961670753,-0.128553851739305,0.183897484501645,0.734502625251846,1.0949043535242,0.512042418099574,0.845116804395386,-0.285641136731139,-0.260192943257745,-0.790303275317248,0.132153288611548,0.454346641638014,-0.097099560301278,0.153673414129256,0.463244629424083,-0.076893364581,0.32553730087453,0.477128695071328,-0.198042944020176,-0.066677071525801,-0.070682622024098,37.78,0
169379,-2.78234366088879,1.70221613698363,-3.10483730262665,0.018801477250304,2.45496959830851,3.29934014683041,-0.529079770357581,1.9758363537075,-0.778091041619994,0.176769394838625,-0.788873225756257,0.420203080065504,-0.175784948520358,1.44426845873179,0.058905428937112,-0.832701058141754,0.539070668558556,-0.347944565219683,0.801440514060923,-0.830539569365346,0.164286857024083,0.565737238146561,0.324093312095639,0.725685744590645,0.189590204474735,-0.430553945647277,-0.949060264392335,-0.341970476205839,1,0
169379,1.22656196067957,-2.86646368710225,-3.04521086567976,-1.01059324954125,-0.999404809003178,-1.69767496527594,0.895663170413772,-0.891737877202592,-2.15863291855905,1.47157601786116,-0.949982110097302,-1.01898294958122,0.144756658772469,0.454593646694843,-0.603481540985317,-1.36556356213552,0.841601497811345,-0.284487103166539,-0.209985626933116,0.753143040419455,0.485017436276737,0.567703710958502,-0.682859670673195,0.134178457021143,0.423964254464319,0.234466523464628,-0.185767652666088,0.018000145693755,623.34,0
169379,2.07052428452783,-0.775727888941175,-0.916670534953567,-0.623782495597652,-1.09932453826405,-1.88808109049018,-0.232665900726595,-0.521926250818531,-0.651743728332586,0.836115969351422,0.273253990468539,0.000106331320919,0.673860718186751,-0.058224012624784,0.233313410684332,0.634484656170856,0.42206325913648,-1.61809163087759,0.044505147966881,0.070871603956276,0.540823100721873,1.50792402565806,0.049166939959932,1.01269395611479,0.0742968220291,0.011081124808169,-0.039116634636107,-0.046058078575343,59.9,0
169381,0.179399643623544,0.279752463796786,-0.649898799308871,-0.774040365390636,1.22038040966129,0.328939478970653,0.887213786547632,0.01414986733639,-0.346984122543829,-0.32898430402473,-0.172352103782468,0.459759072879966,0.54394342235893,0.23535187214668,-0.706402311812956,0.431411582977013,-1.20816528224472,0.727331430708923,0.04228371730861,0.069497973146433,0.426359549472237,1.15777834105595,-0.100167919356763,-0.285869942613143,-0.216278952708511,0.458419087357186,0.004788509598587,0.034621247202934,74.7,0
169381,-2.78527550584182,-2.21906269826406,1.32622593836451,-0.108736855311908,3.64412832374509,-2.28600666448011,-1.03691317381522,0.249911370913017,-0.604006588290608,-0.479154386314346,0.540488891803613,0.799830641681123,0.019334520263977,0.486873617874199,-0.710564021326231,-0.015558897978932,-0.525992635808151,-0.103662003233734,0.584717157645563,0.753594810790085,0.00041455196468,-0.935623312792751,0.224307016637588,-0.400533407745725,0.621996234795712,0.34004111189602,-0.153592587564316,0.089170729549992,0.99,0
169381,1.97320876235058,-0.52902327950778,-0.848541809387881,0.089636003163034,-0.177168896336483,0.039950558556774,-0.466121740684538,0.033285842077607,1.10376707042411,-0.01946713648652,-1.50532187737346,-0.036740162779927,-0.018998702879796,-0.045327368077832,0.650837616484665,0.675823814777773,-0.774634720751126,-0.180292128665854,0.244627144844625,-0.056589321185897,-0.291682180691577,-0.896666141784307,0.346378601641053,0.01323082647004,-0.556741061832714,0.238543384063022,-0.056425795454233,-0.036183926079086,56.94,0
169382,-0.330545122769562,0.969498657280216,0.210390870729794,-0.331176734863707,1.68026150289464,0.57673601801577,1.00568499670357,0.082960074601688,-0.882298148726777,-0.388504271058542,-0.213640368546368,0.404409668787278,0.67642469165348,0.35862147680907,-0.423527122310568,0.52634911937084,-1.42436046230882,0.889457009679213,-0.08194127764807,-0.033410656660629,0.256262314861339,0.699335046232044,-0.418636705237642,-0.464991733348829,0.227135232423441,-0.555646861958511,0.14741617318643,0.146840296133897,14,0
169383,-1.97623122191809,1.33975030633164,0.041322406396384,1.42679315068296,-0.895816288777849,0.437836058242762,-1.19724495622517,-1.70598286352628,-0.158263520467517,-1.13107539787192,-1.75848092837476,0.811192090286853,-0.452905324765167,0.748266281273445,-1.04895654216671,-0.491836116139391,0.799714289155525,-0.549791258814912,0.939793230501626,0.409040030806436,-1.63375905594093,-0.587299310535442,0.293366469903059,-0.08639579116734,-0.845870477833229,-1.01689274220246,0.196027787657789,0.047717595466515,77.74,0
169384,1.9963780102309,-0.186409216538278,-1.03177291457848,0.337338910955737,-0.215748940016378,-0.959852523458688,0.036619142742926,-0.147451410071877,0.403897339406268,0.263307677085589,0.895294779479803,0.703844793083529,-0.890129954311481,0.649539255375136,-0.572464017194416,0.105204704549092,-0.455848625960171,-0.298140719231363,0.403665527890383,-0.254418170993123,-0.236298453674604,-0.643773277900875,0.342331689704942,0.054482783651543,-0.372861548042786,0.174682989688637,-0.081564450139879,-0.069577909771914,9.99,0
169384,-14.5075119517349,-18.3241371257715,-0.991374753227876,4.25274096991158,13.0280007137486,-10.5807756802666,-7.82220876288793,1.23462353736217,0.261411773525506,-1.2839129038627,-0.766411354003363,1.41274071813323,1.25005856340952,0.463597204249529,1.04411918801974,0.527364649880475,0.691474907248732,1.12564089272885,-1.26999629638171,5.45322624355469,1.97071566488085,-1.14805020596862,-0.556900324757019,0.153432954262888,0.987871330784883,-0.260791351861394,0.185033317571171,-2.88722926292278,104.25,0
169385,-0.319902886616044,1.02161824384947,-0.208360315580149,-0.735608937348143,0.267261880251886,-0.654534432974675,0.541987283102861,0.407179361341631,-0.397231996654273,-0.459762002733075,0.25543217725465,0.682688014041759,-0.305944568666363,0.674914583113403,-1.07863357362378,0.343471010244696,-0.596550662335503,-0.056699252275898,0.331800270131175,-0.136406532417889,-0.190026169488219,-0.562395563529836,0.089088087477015,-0.379627729123437,-0.458455965649459,0.145716269282639,0.112987091687721,0.021439059211145,9.99,0
169385,1.93872395152647,-0.206351889077344,-1.82604282670219,0.180548791992295,0.640527637025618,0.187183422016707,-0.117542462295991,0.004734675204216,0.430715928708099,-0.310096316534498,0.42491934513711,0.867056124675666,0.930876540823809,-1.12079783860669,-0.289947222501105,0.960690889617648,-0.16704651270388,0.851889823531257,0.412606371403986,0.083616491315024,-0.087256326247555,-0.256356495549122,0.046112282842296,-0.345262976698848,-0.1194600721321,0.401496000803631,-0.055059505488788,-0.029996569495766,71.25,0
169386,0.034962311593878,0.797574180086007,0.241982409873378,-0.600511195492076,0.395537894080947,-1.0077004754772,0.967142865782468,-0.139928394085688,0.060830198595746,-0.403334674117066,-1.05623096559865,-0.231961211699808,-0.666844088304826,0.250588364772826,-0.275323213723156,-0.098104446269114,-0.339025788381674,-0.728570497836787,-0.125725549074398,-0.078001983687256,-0.264879212311617,-0.617002423282572,0.085541779260836,-0.109992783933655,-0.516487768517974,0.149944513788524,0.244372376352792,0.094919420065135,7.53,0
169387,2.05315146093633,-0.05225791301436,-1.0643574790253,0.408148451981136,-0.103503063735912,-1.12659680147285,0.177272677679827,-0.31499414582768,0.524549188642276,0.061727612097919,-0.673264574745819,0.512784547868626,0.162053780596606,0.260850340854355,0.076234310142339,-0.168540278612273,-0.237505604155776,-0.971027968292108,0.07348613249852,-0.223774763178216,-0.282101381231709,-0.667216364672754,0.345553298403743,-0.010421237438445,-0.310067757933952,0.200700512668823,-0.066928329847745,-0.060245514224175,1.98,0
169389,-0.555380641257047,0.677206661749048,1.11010588615003,-0.973594687855729,0.429442755239075,-0.125049539159108,0.371257431545582,0.270747813198261,0.120394556322485,-1.42670249265883,0.982473479735036,0.16440991613125,-0.823484455861787,-1.06600913821223,-0.174957160035288,0.826094381688866,0.158632820673008,1.03225860989918,0.044926350398951,-0.030769891041316,-0.149184557564209,-0.519974619363823,-0.02732792606427,0.614021283538846,-0.359018687689435,-0.330389477049532,0.112783844667033,0.162189414014609,17.72,0
169389,-9.5034597513285,8.32770439981058,-6.41801351902105,-1.5802584862525,-3.75816894661914,-2.2138312624551,-2.50030478555571,4.04125484709206,3.96804911568937,6.52380209621581,-1.68685375671336,1.36148779720245,0.097325259399801,1.25146343706553,0.604132315160174,-0.031919079977225,0.76308918652381,0.092600546374402,-0.787132391888767,2.46104982554491,-0.257041366084489,0.816345372094041,0.630884913305109,-0.049620726972159,0.632802358791753,-0.325898134458707,-0.006794423369386,-0.987219138268279,0.99,0
169390,-0.928621024851738,1.77238136979557,-1.56307544737987,-1.03575114715234,0.448837102308844,-1.59480749592127,0.934509642350324,0.473423526736935,-0.52375829252889,-0.621616191357374,-0.902766333161557,0.078705417283429,-0.632507804425084,1.38079284797097,-0.13166373287736,-0.557925970413415,0.113654974062684,-0.441016879524754,-0.366162150184888,-0.19137410400801,0.317032187940885,0.881833163782187,-0.037948306896886,1.12273083799748,-0.267472451365761,0.046207458409439,0.249199509229428,0.212442469855341,7.7,0
169390,-4.94304751544583,-1.73730788477113,-2.38379384218683,-2.41943660938512,-1.7634271250268,0.123364801563027,-2.21233436403953,1.1583547644138,-2.12668570895339,0.248629453916045,-1.51152487601735,-0.953850952189931,-1.04115018619316,1.33819052096108,-1.09996087858747,1.19723178028688,0.452808291717266,1.25214431219844,-0.055642826076282,-2.08283527958016,0.590260948020506,-0.658584952830214,-0.874143988444843,-0.292416936958513,-0.222254853901996,-0.311623335327527,-0.407338207584468,-1.14071886758955,87.49,0
169390,1.87240813925265,-0.232850322815395,-0.318892218744964,0.833566077384557,-0.826140932237582,-1.3837538944416,-0.03437519415274,-0.344242663185088,0.590063616440098,0.029017516903313,0.136899740529489,1.2781610350835,1.12108000825107,-0.109442460736086,0.086588242345205,-0.196498005363219,-0.178967646335801,-0.748763820054851,-0.533838639116891,-0.078700531573475,0.10698124667683,0.434640117422958,0.262153692279088,0.992964494596556,-0.293850236393464,0.195732216112226,-0.033679947750403,-0.032583814259752,51,0
169391,0.005915218488122,0.904616908445322,-0.492610034568359,-0.102836543768538,0.823654610188542,-1.46076315892263,1.04091938753519,-0.318416347834582,-0.114536015531507,-0.801935430924981,-0.375489202150558,0.190949176577481,0.792882009639051,-0.991732208064735,0.602642535517665,-0.017424949243404,0.394759845739559,0.603115240710366,-0.212543958853419,0.184259345557688,0.301815650564944,1.06913538926313,-0.110416119195682,-0.000365243190755,-0.279438515795701,-0.145277364907323,0.378245940595066,0.198516085377359,31.35,0
169392,-0.974895495085312,1.29958613866365,-0.501911076822577,-0.6633986541918,0.643199737776686,-0.923163255382563,0.742431084810191,0.251621233042157,-0.458121797934162,-1.14712126930076,0.585304127603837,-0.117675450829196,-1.00170299352836,-0.314304466307751,-0.091107884816968,0.633783034096216,0.241485608940613,1.45085050627673,-0.092388876369503,-0.317989347443529,0.358430677283106,0.852243000394623,-0.336010419075438,-0.432119242157677,0.139765418717599,-0.152560405391521,-0.246658858300295,0.098816485565597,19.95,0
169392,2.34899150162965,-1.11818179276176,-1.55916934714079,-1.73517859340159,-0.589774063042286,-0.759159489984504,-0.668736055237626,-0.419328894981563,-1.79479270743912,1.63517212681428,-0.901974526261373,-0.296276276596712,2.00478251310122,-0.440333239231813,0.083835188747176,-0.572765681890119,0.186879734336611,0.002495682363204,-0.222990823453522,-0.285815057373033,0.067678798479592,0.698355067619005,0.039805253571274,0.530011011939144,0.198301745166236,0.047225293135544,-0.01103897897982,-0.051931948896224,25,0
169392,2.06750916757111,-0.061077652081969,-1.09297334215638,0.403058415865765,-0.126911214513941,-1.18253392869318,0.172505812672534,-0.322390978262266,0.568620345008279,0.078049890158622,-0.821862307712133,0.338164102539319,-0.075913548579598,0.301593471831543,0.060974073061965,-0.080251518435948,-0.301848319435038,-0.831179066933419,0.170499256179724,-0.23309629346878,-0.295351773806548,-0.722495253379322,0.334861394649847,-0.028405626106448,-0.295082674832254,0.200310574019988,-0.071703140177425,-0.060972541215114,1.29,0
169392,-0.633251462714592,0.099792056369246,1.15143058466712,-0.919780732287521,0.25973271825135,-0.218967092224747,0.648353688698423,0.056280421206118,0.313138733416699,-1.09338384561907,-1.09635932440732,0.053714002249472,0.083431808159553,-0.09994139183285,0.312018507689527,0.20803645394581,-0.628032933881451,-0.072736877558581,0.036801728469916,0.187984957352674,-0.092211832603395,-0.492319965110521,0.304810500444866,0.619721600288608,-0.537199526301759,-0.390988791928465,0.104386397110939,0.18671358650929,99.95,0
169393,1.71066717768865,-0.577801141692136,-1.8655531760773,0.744348897374629,0.086366952973816,-1.21418223663748,0.793780776534991,-0.509465605493825,0.324046240800424,0.039272243329321,-1.01359041238352,0.371361605972774,0.046992456093092,0.436677783408125,-0.439763050986345,-0.51695314699721,-0.147491010960337,-0.731571572996191,0.132795955871286,0.165270522350138,0.082981959334344,0.016808033330885,-0.124241248566206,-0.04557328239155,0.169239617132092,0.365272800864894,-0.119534537625351,-0.040879072969374,201.99,0
169393,1.44391512187432,-1.65774419009639,-3.02853494854687,-0.199721995493197,0.124715066210361,-1.09389202631739,1.13480056525487,-0.728680919290265,-1.31495498576321,0.808796691780228,-0.967986466106757,0.096525162454911,0.804232286704282,0.635600232327667,-0.309185391154341,-2.26177612376181,0.154012250789258,0.588519019443372,-0.819780060738365,0.295955782077816,0.153377767440182,0.124169841111746,-0.447458826324618,0.716231087911107,0.391049213198704,0.948774856241604,-0.199770245622478,-0.011149276721841,434.97,0
169395,-0.34535840004573,2.0635910665294,0.642510839328225,4.66856626750098,0.198415358502346,0.67173342574763,-0.095550258491095,-2.50804675191356,-1.63763928445011,1.73484022409671,-0.941358398544584,0.410428760154424,1.12917080167863,-0.024873661704855,-0.675589890062454,-0.827873728451805,0.672109898295815,-0.264860315958123,1.07794867828656,-0.38127148650952,2.58573723385124,0.453289792276232,0.373984345447391,0.483526503805135,-1.25345843079167,0.322471962263465,0.458288076660639,0.314202614530377,15.16,0
169396,1.94559537267955,0.241571090043921,-2.43519614660984,1.5263162936398,0.802044670708325,-0.969134749094962,0.592717514603416,-0.227721410069118,0.428823028752208,-0.322791114976785,-0.93208394723703,-1.07554600207674,-2.29254377543618,-0.585668146066369,-0.093664452078915,-0.11354862932128,1.10264859101709,0.305059564711092,-0.414273197357354,-0.263250698565781,-0.038209093105605,-0.101679593221359,-0.011707292037352,0.496934008586993,0.402352006255219,-0.517365707939338,-0.022866192597328,-0.019206800591577,52.31,0
169399,-0.747526972970247,1.629461893878,-1.31827699385374,-0.719098299641128,0.478297095899707,-0.456983999669018,0.265055408491401,0.732623201753704,-0.456486763553409,-0.267287438638948,-0.301734999467096,1.00173697038396,0.907463741712746,0.983411828803069,-0.311014605009092,0.238181843683578,-0.805607838880604,0.96160416216285,0.667930190928782,-0.030869755932078,0.41554710494758,1.28059098814483,-0.163550666426349,-0.983701776889494,-0.56219582586843,-0.169151109299813,0.364488642576593,0.239568238559016,0.68,0
169399,2.03442096301044,0.458679068957728,-2.6348249296174,1.33446688306244,1.34317760740595,-0.551704993650951,0.705614330335167,-0.310660056080354,0.129242956703729,-0.379042906762625,-1.12143945987031,-0.073112560914636,0.105490776863368,-1.08481499022507,-0.300087293277231,-0.034836629908765,0.735777767182785,0.231209448025035,-0.178739833810243,-0.139425259579458,-0.067510576552429,-0.022194994749483,-0.100291261762989,-0.09021089082471,0.574116338895569,-0.48257592246854,-0.004692752882569,-0.024603989913355,30.81,0
169400,1.01788544089493,-2.35918573240941,-1.33225370746943,-0.265613442116067,-1.10996506473818,-0.210873104079743,0.019619129536897,-0.158908835086306,1.4184779883733,-0.503165743568854,-1.03880950065068,0.057578618547069,0.031652686126214,0.069882771355096,1.25966212666957,0.55460597745567,-0.631286963846208,0.306430519706566,-0.062100346342827,0.975672313342532,0.471551896516745,0.227422965830912,-0.286908147913571,0.569139811792018,-0.541815994387484,0.826504017695917,-0.164354156841214,0.044646689765116,555.39,0
169401,1.98520625013151,-0.387356634403949,-0.281454114406773,0.494855572416282,-0.727461167452096,-0.529882508545874,-0.579268268329222,-0.073628781805568,1.43176079155102,-0.174470114878262,-1.06540801179338,0.605441404812984,0.456336045740312,-0.269579545519018,0.449875789089208,0.100709011450207,-0.568740322270205,0.204923691414153,-0.180621866926897,-0.196762391257479,0.187991441478538,0.817585308787899,0.097171598195808,-0.076364698739457,-0.066747829434289,-0.20712736636236,0.043629200007475,-0.037056165189139,9.99,0
169401,0.238068805377997,1.21362816278878,0.352721153699402,2.55097716296721,1.5942684830883,0.334725308748986,1.16438651625767,-0.166838530096761,-1.4879926255919,1.12226372366513,-1.73716149955007,-1.4113710810827,-0.835808918329546,0.210064128784552,-0.509878649626919,1.00783343393216,-1.23421620025602,0.077177692551796,-1.8441971154823,-0.195725087437462,0.205987565919626,0.623947339940138,-0.226672657844251,0.224718557409905,-0.081434785228738,0.031126303802451,-0.177655181338378,-0.222168083588848,4.57,0
169401,2.04212362666649,-0.143814572181251,-2.9548235685444,-0.579160163401164,2.61033465495515,3.14228526284737,-0.418196552306861,0.78464990665856,0.360018987176296,-0.350613995112351,0.329636699826347,0.183467343791494,-0.27309504875634,-0.59766079722955,0.583772268831193,0.178545260883025,0.473868927672586,-0.499052637060427,-0.139782488426186,-0.12273012995097,-0.352933672056771,-0.996414264643898,0.364357491485071,0.604775770399402,-0.264196082529557,0.21977623320694,-0.039022394108929,-0.042959331962012,0.99,0
169402,2.31898578289341,-1.3000449350644,-1.09186967331555,-1.59609569146091,-1.04268736597295,-0.612178548215095,-1.02823237568897,-0.221200967547728,-1.26545415121754,1.56991270621212,-1.09457134831371,-0.769776301600162,0.606608881838435,-0.443293702599949,-0.18960114454092,-0.57858339515829,0.449239084274215,-0.102634405827399,-0.077312429290651,-0.402429877692744,-0.18046575975906,-0.018362729411566,0.248766908036254,0.649078903916002,-0.127567498022958,-0.190228345288644,0.004917533644803,-0.045112752306862,15,0
169402,-1.90844381600666,1.03340205574637,2.00745892407305,0.984351818137837,-0.647624598412424,1.09737589909671,-0.316539233457255,0.696989991273317,1.30636261537369,0.335347526417006,-1.69232436161967,0.22383833239673,0.030388659650948,-1.0333673761604,-0.566176820387625,-0.536552976066051,0.193505455534742,0.264328919997527,0.913316537704067,0.503208434065341,-0.222912108322808,0.097988095528623,-0.347013302700573,0.662285709945767,0.69244472963279,-0.395162455306673,0.42786197019003,0.132939504691872,50,0
169402,-0.549666197492342,1.63527438696923,-1.37597220377977,0.986462981043586,1.61756583039753,-0.373819714382628,1.04461607617656,0.261057281850885,-0.883449511632159,-0.849886840758756,-1.39378371581222,-0.359169144686976,0.11053860051595,-0.79365499315064,-0.127325855767008,-0.386756784082248,1.23148956162849,0.574133789075838,0.796999534907786,0.128584514997298,0.045560414559919,0.248510671412679,-0.295881891811521,-0.081145798540958,0.173747488199917,-0.365291066524542,0.32893818555333,0.186673527229692,18.52,0
169404,-0.978328032394488,-1.30316772823397,1.67837274625636,-1.96549393707992,-0.187990104020248,0.293751953991788,0.263150976325885,-0.035323651381298,-0.198061786311082,-0.429464429114619,-1.54582516401307,-0.537178778495051,0.507159070718985,-1.37397501949731,-1.58363733148138,1.03816061015229,-0.027331317187915,-1.37467482457655,0.383375748849917,0.683786310340528,0.099601155697289,0.050432409266444,0.353614336444783,0.460607048549672,0.000106510136662,-0.494488625490819,-0.120767902866462,-0.064984125833239,200,0
169404,1.90456752477376,-0.234167041094339,-0.341859362826856,1.40403410955662,-0.454816107537611,-0.114574196200292,-0.477953856412825,0.097590361904396,0.853537314376709,0.30263644466367,0.530643023789348,1.01397474581297,-0.42500138279905,0.087678963600032,-1.01842189835995,-0.044231962657392,-0.507677908688903,0.448307558667613,-0.217941841118917,-0.296476377145116,0.263010623939895,1.04418557188222,0.039520574772007,0.028507267498899,0.1129443476964,-0.448215845316688,0.049813076205314,-0.05059470455517,3.9,0
169405,1.99778364733643,-0.338627695289654,-1.24232607547388,0.373773660211909,0.132586746594325,-0.267902543890313,-0.067950831074231,-0.168078123823869,0.793394423340252,0.05573126034777,-1.68527441124573,0.161378751255816,0.504988958639629,0.021749958146686,0.355366219578537,0.317486870445877,-0.757024134915513,-0.168896162635528,0.168873112713224,-0.076145907860718,-0.065528982053926,-0.111697618020532,0.05308874052897,-1.03261972554288,-0.085553996934931,0.288347252812365,-0.045105854017841,-0.0553081720829,54.9,0
169405,1.82676864045385,0.213756252146847,-0.331776335022576,3.57182211515838,0.386683859750675,0.911253872540867,-0.284952862315796,0.177512918911809,-0.505382065473494,1.34177352239282,-1.85467669148311,-0.344476061239681,0.371457956789007,-0.13515743865864,-0.338141194625182,1.52752313398262,-1.24845088348384,-0.163924609291011,-1.27174309451175,-0.103676070667371,-0.264755669441416,-0.925129631224643,0.350224851299835,-0.062131528267826,-0.475586975038214,-0.418164344284819,-0.010943124985266,-0.015953872945472,62.62,0
169405,-1.68087638375391,2.08572027037184,-3.71695992433319,-1.86092304946811,2.44903710349996,2.66833375462037,-0.090853339838606,1.73585054423552,-0.471955975944989,0.021597370627817,-0.466825501373346,0.348627136710126,-0.212100036307258,1.60112941629179,0.460519322402096,-0.694123955419048,0.129274693248929,-0.386880506573133,0.21898054430173,-0.172893524698121,0.378712035198891,0.894914729419883,0.036765669449985,0.751205296044097,-0.539906510925846,0.05511306501258,-0.807106968045002,-0.354129794394045,5.32,0
169406,-0.393115935181977,0.972056622626593,-0.145712121582385,0.083252454586353,0.545265404811642,-0.896974281375856,0.824793263202633,-0.124160426289392,-0.214135364118388,-0.528716655287418,1.05607379942807,-0.727428954955934,-2.1136370377494,-0.308681598799955,0.69033318864976,-0.035644260837521,0.732709830739779,1.45683553441893,0.777865020939383,-0.194336397271782,0.357940250446287,1.02842203300213,-0.234772093252205,-0.092545172225689,-0.376799375911617,-0.039144171716524,-0.045293208375679,0.191125502812546,21.01,0
169406,-1.14571287507261,1.62057348639238,-0.824761897555673,-0.944795322708246,0.687169631525765,-0.258499021219339,0.616106577257089,0.026901180266793,0.965182277372154,0.80066862931966,0.599259012576847,-0.289837191820533,-1.17115083719293,-1.29434018830144,-0.560315988935438,0.593741576165425,-0.055941213508793,0.91135144616453,-0.08877829848301,0.241740600420543,-0.09805641771749,0.182557157720085,-0.063908470940991,0.241115370722631,-0.587876399517988,0.201678799609167,-0.942344862968521,-0.7275739561434,2.41,0
169406,1.17469119087557,0.564261036030086,-1.13494810021391,1.32063867849905,0.460583294156622,-0.697534894642307,0.157504687853197,-0.09217116359601,-0.153799819707078,0.110621748998308,1.03535021567665,-0.09073007849958,-0.625081446797311,-0.380485192360939,1.45013783117913,-0.421862681338838,0.940730596504078,1.61770908688486,2.39053961816171,0.112235247505701,0.308856491601611,1.05368254819905,-0.02636613986728,-0.404152864806235,-0.640243589230685,0.197529845419668,0.027821866941997,-0.099468190088878,1.1,0
169407,-0.971184406478295,-0.008657118177937,0.876331068233123,-3.06396259229364,-0.677501667686062,-0.474160484214797,-0.35585246688189,0.456567295615697,-2.26031119146875,0.390251655442111,-1.49265683892909,-1.5198039312569,-0.472418655329983,-0.106138869710066,-0.666062304571199,-0.329342987605716,0.536901976956645,0.02964041235204,-0.746696233899627,-0.336689654109128,-0.183444516376957,-0.264616472076924,-0.29767691997421,0.627228841774139,0.782301388922181,-0.126911476273584,0.129493938726326,0.033446826971418,15,0
169408,0.084389490858634,1.19558509778973,0.141110565496162,0.679964442415426,1.33411512995263,0.581830356085975,0.860223244760398,-0.245763766920646,-0.938029303342703,0.027601334345312,0.829198664353688,0.442412641031018,1.14223743812018,-1.02386461726426,0.774244256337702,-0.544884297575971,0.805998697655034,0.778012183648867,3.39371770184306,0.463437293690403,-0.307932919181077,-0.601020754430218,-0.232285935739095,-0.178922810131059,-0.410719901069095,0.612439807931391,-0.166056276125645,-0.06906916473569,1.29,0
169408,0.192079289605743,0.149852269398859,-1.68840703059431,-1.10384052433423,3.09473350915743,3.45288457965919,0.299248887951749,0.741689761962852,-1.69673878586162,0.596349515913316,-0.737208843613231,-0.326706878340677,-0.195028585592658,0.52707780832972,-0.547928144581905,-2.4280019564517,0.002594974182303,0.884815266156376,-0.732006385582883,-0.507071619946459,-0.17211704235148,0.023695406326732,0.052442138602317,0.659529402259883,-0.773413214555121,-0.644929265735077,0.312058203748696,0.259859568824813,10,0
169408,-0.844392872109766,-0.164661379545228,0.052463290644308,-0.555392939976282,1.33275175901227,0.113639467367896,0.504181777325793,0.29629720698459,0.283161560375497,-0.369326166547415,-0.492569412807133,-0.358887325780407,-1.42437734009736,0.429551357516234,0.631701775096509,-0.934030048573967,0.5237324252609,-1.98976549567061,-1.1439085114359,-0.353896468797454,-0.227709843695288,-0.265408306847096,0.838076305937669,-1.09271398801155,-0.610338152190326,0.258909863576474,0.255783042161479,0.003086160791201,7.92,0
169408,0.028757859443904,0.895201994761265,0.299701641115348,-0.596412427366348,0.485104343748216,-1.01675210422221,1.06056152482422,-0.222059610160659,-0.151147396106489,-0.443625323828959,-0.759803214466247,0.519438169596409,0.689792643400634,-0.017461435987459,-0.430545737927114,-0.18287242551607,-0.391604863767586,-0.919322394741803,-0.161562616752877,0.008654596366935,-0.244144737229383,-0.492097847535482,0.078916972620536,-0.001989950461912,-0.479356751697824,0.140981080580652,0.253231402033725,0.098644767245526,7.78,0
169409,2.00687495885261,-1.31363305993714,-0.584134870690067,-0.932568929304085,-1.18302023084426,-0.269488882501171,-1.10795288801881,0.141545908242961,0.115005380446483,0.895543177537301,0.3736504220115,-0.754870113166902,-1.58009582039278,0.103606408680374,-0.204638877630134,1.60170089667711,-0.110342971802859,-0.74888560392608,0.979088676925775,-0.00018759480165,0.00625463511035,-0.225585833932421,0.296462310209664,-0.539264765880749,-0.575357515603463,-0.475616118969574,-0.012461841189607,-0.0472574210883,75.94,0
169409,-1.41133189341098,-1.87447574679894,-0.510462307297054,-2.30342596254659,0.708918002928504,-1.64719825655336,-0.731707248329869,0.267669771464208,-2.91841075710427,0.893436564445518,0.347358039381645,-0.0852259242139,0.875347600226538,0.450360975732852,-1.09419315321785,-0.326910707420386,0.184704577483755,0.296843709785066,0.021476144191956,0.120011638282021,0.084323368204703,-0.204760434175816,0.160648732707726,-0.419437768560341,-0.802479469201556,-0.46785845972616,0.089493638411082,-0.129423007844199,55,0
169410,-0.688811425565788,1.41670962371111,1.36729365984175,2.70023729405112,0.353919467274192,0.675921044345745,0.050841364692486,0.772261726715303,-1.31056182951929,0.404817034746963,-1.81377272238297,-0.963838007616849,-0.999638873016383,0.328843336644327,-0.699639737955457,1.42814855355105,-0.815694700833857,-0.051829212084149,-1.72606700861805,-0.35343562728555,-0.056854631968888,-0.456737229332053,0.225469898538024,0.551414369137715,-0.990871225257357,-0.49276806615442,0.064239191569011,0.149264722073703,5.99,0
169411,-0.046051791452927,0.61904731460474,0.576817587683862,-0.672937377459287,0.87655763436517,-1.02047900259022,1.26010558779344,-0.467384704433446,-0.123753626488564,-0.45389178959212,-0.886419445279739,0.161810896871191,0.258780093138024,-0.062854301248655,-0.44917836327993,-0.260670438943866,-0.515432206053031,-0.831134867505776,-0.089285507177815,-0.047763686359098,-0.186618790974706,-0.315195736126755,0.076035978645806,-0.075445663612753,-0.979909315267067,0.031069127917508,-0.016181706808511,-0.01055818772653,8.99,0
